ip_address,access_date
69.45.135.45,6/6/2019
204.73.38.135,8/1/2019
54.124.214.59,5/18/2019
127.65.83.107,5/28/2019
252.132.124.237,8/11/2019
85.254.120.99,5/8/2019
208.156.137.129,6/1/2019
145.133.62.151,8/25/2019
225.43.142.217,6/30/2019
112.210.155.5,9/6/2019
57.221.187.249,6/2/2019
136.221.62.77,6/3/2019
95.205.177.216,7/3/2019
78.7.45.10,6/25/2019
21.68.212.88,6/29/2019
123.195.115.149,7/21/2019
210.35.7.226,7/18/2019
43.235.28.132,9/19/2019
234.167.230.161,7/26/2019
54.124.214.59,9/5/2019
1.190.166.226,8/1/2019
252.180.34.204,7/11/2019
90.31.3.224,9/6/2019
138.36.75.179,9/12/2019
210.174.192.17,6/5/2019
40.131.105.239,7/21/2019
123.224.0.250,6/1/2019
129.147.118.240,7/13/2019
187.229.166.41,8/7/2019
59.181.65.40,8/1/2019
230.87.234.46,8/30/2019
146.75.251.2,5/1/2019
105.6.151.204,9/12/2019
105.107.70.46,5/11/2019
251.17.219.64,5/15/2019
21.72.112.0,7/14/2019
137.120.208.95,8/4/2019
182.62.44.42,7/4/2019
78.177.66.246,8/29/2019
252.132.124.237,7/31/2019
123.224.0.250,9/4/2019
62.43.80.30,5/28/2019
112.210.155.5,8/27/2019
174.222.240.23,5/9/2019
62.192.24.47,5/29/2019
62.40.78.188,9/10/2019
140.248.230.247,6/1/2019
143.1.229.100,8/29/2019
112.210.155.5,7/20/2019
92.252.212.72,7/10/2019
118.90.83.112,7/1/2019
76.22.35.249,7/26/2019
118.212.47.136,5/30/2019
3.56.129.225,5/16/2019
145.10.22.89,7/7/2019
76.22.35.249,5/21/2019
67.210.251.67,5/16/2019
78.177.66.246,9/11/2019
3.56.129.225,5/18/2019
85.254.120.99,5/23/2019
57.221.187.249,9/15/2019
1.234.118.70,8/19/2019
155.133.117.36,5/9/2019
213.146.40.240,5/28/2019
250.39.28.88,6/19/2019
92.252.212.72,7/23/2019
106.246.229.169,6/11/2019
118.212.47.136,8/9/2019
241.60.144.177,6/17/2019
179.231.189.173,8/28/2019
116.105.108.2,9/19/2019
85.254.120.99,7/11/2019
1.190.166.226,7/3/2019
21.68.212.88,6/11/2019
196.123.66.74,7/2/2019
105.6.151.204,9/23/2019
180.61.93.146,7/17/2019
60.108.249.89,6/22/2019
172.150.47.217,5/30/2019
89.249.73.167,5/7/2019
180.61.93.146,7/31/2019
22.108.191.89,5/29/2019
208.156.137.129,6/10/2019
250.39.28.88,5/29/2019
179.231.189.173,9/5/2019
85.254.120.99,6/7/2019
179.231.189.173,8/7/2019
92.252.212.72,5/30/2019
57.150.135.222,5/24/2019
225.160.179.108,7/13/2019
250.39.28.88,6/29/2019
85.254.120.99,9/17/2019
225.43.142.217,8/9/2019
118.212.47.136,9/20/2019
238.66.70.208,8/15/2019
236.211.25.236,9/6/2019
54.124.214.59,5/9/2019
230.87.234.46,6/3/2019
229.232.170.185,7/11/2019
146.22.140.206,7/9/2019
40.52.36.11,5/6/2019
62.40.78.188,8/7/2019
138.36.75.179,5/2/2019
51.146.65.255,9/26/2019
252.8.52.29,6/12/2019
174.222.240.23,5/9/2019
58.89.129.2,9/5/2019
255.204.198.242,9/9/2019
90.31.3.224,7/6/2019
225.160.179.108,9/20/2019
58.89.129.2,6/19/2019
136.221.62.77,9/21/2019
85.254.120.99,8/13/2019
228.246.90.236,8/20/2019
115.91.112.114,5/24/2019
159.41.37.131,5/4/2019
136.221.62.77,6/19/2019
225.160.179.108,6/11/2019
182.62.44.42,9/22/2019
109.229.10.175,6/19/2019
188.56.155.8,6/13/2019
79.114.157.75,6/4/2019
136.221.62.77,8/1/2019
135.205.204.248,5/2/2019
252.180.34.204,8/3/2019
198.163.255.99,5/10/2019
43.57.45.177,9/18/2019
229.232.170.185,6/21/2019
229.89.5.194,8/7/2019
218.160.118.145,7/30/2019
252.132.124.237,8/15/2019
210.174.192.17,8/30/2019
97.75.67.142,8/26/2019
208.31.128.243,5/4/2019
21.68.212.88,5/31/2019
154.245.144.204,9/16/2019
138.36.75.179,5/4/2019
63.153.236.176,7/5/2019
58.89.129.2,6/18/2019
62.192.24.47,9/15/2019
21.68.212.88,7/7/2019
229.89.5.194,5/14/2019
123.53.143.71,5/23/2019
47.185.200.41,8/27/2019
79.114.157.75,8/1/2019
123.224.0.250,5/24/2019
103.112.147.182,6/10/2019
101.195.98.245,6/25/2019
193.55.226.107,7/17/2019
192.46.186.138,6/24/2019
118.9.234.209,8/3/2019
85.254.120.99,6/7/2019
225.43.142.217,5/9/2019
53.109.44.60,9/16/2019
168.157.80.52,9/14/2019
30.248.248.94,5/13/2019
193.55.226.107,8/15/2019
115.91.112.114,6/24/2019
63.153.236.176,9/15/2019
48.174.208.159,5/31/2019
127.65.83.107,5/29/2019
174.222.240.23,6/3/2019
145.133.62.151,8/18/2019
241.164.210.70,7/4/2019
242.200.81.130,6/11/2019
129.147.118.240,7/30/2019
60.108.249.89,5/16/2019
14.190.142.100,7/17/2019
118.212.47.136,9/5/2019
230.87.234.46,5/7/2019
42.195.209.25,8/21/2019
78.177.66.246,7/18/2019
159.41.37.131,5/2/2019
137.120.208.95,7/2/2019
234.167.230.161,6/6/2019
40.131.105.239,9/26/2019
69.45.135.45,8/24/2019
43.235.28.132,9/23/2019
21.68.212.88,7/1/2019
105.107.70.46,7/20/2019
123.195.115.149,8/18/2019
198.163.255.99,8/20/2019
136.221.62.77,7/12/2019
158.131.27.251,7/2/2019
145.133.62.151,5/6/2019
219.136.183.160,8/26/2019
57.173.93.204,9/15/2019
95.9.5.2,6/13/2019
23.248.18.41,8/13/2019
95.9.5.2,5/18/2019
149.76.202.241,9/9/2019
168.157.80.52,7/15/2019
158.131.27.251,8/23/2019
146.75.251.2,6/2/2019
14.190.142.100,8/15/2019
6.2.244.172,5/19/2019
169.141.30.5,7/23/2019
229.232.170.185,7/18/2019
251.17.219.64,9/18/2019
158.131.27.251,9/24/2019
48.150.128.121,9/20/2019
204.73.38.135,5/9/2019
123.53.143.71,7/3/2019
255.204.198.242,7/2/2019
252.132.124.237,8/11/2019
41.134.87.224,8/15/2019
143.1.229.100,5/22/2019
207.117.26.140,8/16/2019
112.210.155.5,5/3/2019
54.124.214.59,7/19/2019
187.229.166.41,5/15/2019
62.40.78.188,9/21/2019
187.229.166.41,5/13/2019
6.161.232.250,9/21/2019
78.177.66.246,5/26/2019
254.29.186.142,5/1/2019
123.217.49.22,6/28/2019
57.221.187.249,6/11/2019
179.231.189.173,9/27/2019
179.231.189.173,6/30/2019
145.133.62.151,6/11/2019
204.73.38.135,8/20/2019
242.200.81.130,7/7/2019
92.202.250.218,8/1/2019
210.35.7.226,6/10/2019
255.204.198.242,5/16/2019
254.29.186.142,7/5/2019
118.90.83.112,8/11/2019
208.156.137.129,9/6/2019
106.246.229.169,6/29/2019
48.174.208.159,5/3/2019
1.190.166.226,7/15/2019
225.160.179.108,6/14/2019
30.31.213.5,5/28/2019
192.46.186.138,6/11/2019
14.190.142.100,6/27/2019
106.246.229.169,8/3/2019
92.252.212.72,8/5/2019
48.150.128.121,5/23/2019
236.211.25.236,8/20/2019
102.196.188.74,7/20/2019
230.87.234.46,8/1/2019
97.75.67.142,6/2/2019
201.162.49.82,9/3/2019
198.163.255.99,7/24/2019
30.248.248.94,6/30/2019
135.205.204.248,9/4/2019
185.207.247.63,5/21/2019
250.39.28.88,8/26/2019
226.179.194.16,8/16/2019
123.195.115.149,8/8/2019
146.22.140.206,8/15/2019
115.91.112.114,6/10/2019
123.195.115.149,7/10/2019
198.163.255.99,8/26/2019
151.220.12.28,6/10/2019
136.221.62.77,6/10/2019
255.204.198.242,7/10/2019
62.43.80.30,6/3/2019
3.56.129.225,9/4/2019
252.132.124.237,5/11/2019
63.153.236.176,6/28/2019
255.204.198.242,5/13/2019
112.210.155.5,8/13/2019
51.146.65.255,5/31/2019
105.6.151.204,7/30/2019
118.90.83.112,7/21/2019
241.60.144.177,8/5/2019
105.6.151.204,5/3/2019
92.202.250.218,5/9/2019
127.65.83.107,7/24/2019
59.48.82.52,9/3/2019
196.123.66.74,6/18/2019
127.65.83.107,6/23/2019
63.153.236.176,5/22/2019
208.156.137.129,6/1/2019
154.245.144.204,9/28/2019
127.65.83.107,6/17/2019
115.91.112.114,7/1/2019
123.195.115.149,8/19/2019
154.245.144.204,9/28/2019
236.211.25.236,7/8/2019
158.131.27.251,7/23/2019
30.31.213.5,7/13/2019
1.190.166.226,9/25/2019
229.232.170.185,8/29/2019
225.43.142.217,8/1/2019
143.13.247.217,9/4/2019
123.217.49.22,6/27/2019
23.248.18.41,6/22/2019
62.43.80.30,7/21/2019
241.60.144.177,5/17/2019
116.105.108.2,8/9/2019
95.202.195.133,9/18/2019
159.41.37.131,6/13/2019
22.108.191.89,8/25/2019
234.167.230.161,7/22/2019
222.212.164.221,6/10/2019
48.174.208.159,8/16/2019
30.31.213.5,9/2/2019
118.212.47.136,5/27/2019
3.56.129.225,5/24/2019
127.65.83.107,9/26/2019
253.190.197.16,9/4/2019
105.6.151.204,6/19/2019
57.150.135.222,8/24/2019
123.224.0.250,6/14/2019
180.61.93.146,9/19/2019
143.1.229.100,9/1/2019
112.210.155.5,6/6/2019
43.235.28.132,8/30/2019
92.202.250.218,8/12/2019
241.164.210.70,9/26/2019
42.195.209.25,5/19/2019
90.31.3.224,8/11/2019
43.57.45.177,9/9/2019
67.210.251.67,8/26/2019
226.179.194.16,9/20/2019
23.26.190.4,7/16/2019
226.179.194.16,9/2/2019
62.40.78.188,7/12/2019
192.1.128.56,5/8/2019
210.174.192.17,5/21/2019
196.123.66.74,5/9/2019
241.60.144.177,9/23/2019
236.211.25.236,6/4/2019
90.197.221.195,9/25/2019
146.22.140.206,7/12/2019
149.76.202.241,8/10/2019
252.8.52.29,8/22/2019
138.36.75.179,6/19/2019
95.202.195.133,7/19/2019
101.195.98.245,5/13/2019
241.164.210.70,6/25/2019
138.36.75.179,5/19/2019
29.33.161.209,6/14/2019
58.89.129.2,5/4/2019
156.190.83.207,8/7/2019
135.205.204.248,6/10/2019
118.212.47.136,7/6/2019
172.150.47.217,9/28/2019
59.48.82.52,8/29/2019
78.177.66.246,5/19/2019
57.150.135.222,8/12/2019
43.57.45.177,6/19/2019
97.75.67.142,5/25/2019
146.75.251.2,6/28/2019
187.217.253.114,8/4/2019
252.8.52.29,9/4/2019
95.205.177.216,7/16/2019
250.29.155.241,6/12/2019
250.29.155.241,5/25/2019
123.53.143.71,9/29/2019
123.224.0.250,5/11/2019
138.105.116.225,5/22/2019
121.86.233.121,7/24/2019
124.201.140.180,7/29/2019
255.204.198.242,8/5/2019
6.161.232.250,6/30/2019
118.9.234.209,8/19/2019
222.212.164.221,5/18/2019
145.133.62.151,7/20/2019
69.45.135.45,8/24/2019
252.180.34.204,6/9/2019
59.48.82.52,6/28/2019
228.246.90.236,9/5/2019
252.8.52.29,7/3/2019
54.124.214.59,6/25/2019
79.114.157.75,8/17/2019
85.254.120.99,5/8/2019
210.35.7.226,8/12/2019
22.108.191.89,8/9/2019
116.105.108.2,8/7/2019
14.190.142.100,6/17/2019
123.53.143.71,9/12/2019
118.212.47.136,6/22/2019
225.160.179.108,7/25/2019
23.248.18.41,9/23/2019
252.8.52.29,9/14/2019
193.55.226.107,8/15/2019
254.29.186.142,8/7/2019
103.112.147.182,7/30/2019
48.150.128.121,5/8/2019
158.131.27.251,7/7/2019
23.248.18.41,6/10/2019
159.41.37.131,8/13/2019
48.150.128.121,8/9/2019
85.254.120.99,5/13/2019
225.43.142.217,6/22/2019
242.200.81.130,8/2/2019
76.22.35.249,6/8/2019
208.156.137.129,8/17/2019
9.4.227.171,7/10/2019
21.68.212.88,9/27/2019
140.248.230.247,9/8/2019
192.1.128.56,9/13/2019
57.221.187.249,9/6/2019
95.202.195.133,7/14/2019
254.29.186.142,6/8/2019
63.153.236.176,6/21/2019
234.167.230.161,5/18/2019
158.131.27.251,8/5/2019
116.105.108.2,9/6/2019
241.164.210.70,7/30/2019
204.73.38.135,5/2/2019
105.6.151.204,7/6/2019
229.232.170.185,9/11/2019
95.205.177.216,8/10/2019
23.26.190.4,7/3/2019
95.202.195.133,7/14/2019
60.207.227.245,8/1/2019
78.7.45.10,7/9/2019
97.75.67.142,5/18/2019
196.123.66.74,9/4/2019
137.120.208.95,7/15/2019
230.87.234.46,6/14/2019
174.222.240.23,7/12/2019
118.9.234.209,6/8/2019
138.105.116.225,7/2/2019
118.9.234.209,7/30/2019
48.150.128.121,5/28/2019
252.8.52.29,9/15/2019
210.35.7.226,7/10/2019
198.163.255.99,5/17/2019
95.9.5.2,5/21/2019
30.248.248.94,7/3/2019
6.140.1.114,8/8/2019
118.212.47.136,5/12/2019
63.153.236.176,7/24/2019
90.197.221.195,5/22/2019
48.150.128.121,8/7/2019
236.211.25.236,9/13/2019
168.157.80.52,9/28/2019
90.31.3.224,8/27/2019
225.43.142.217,8/12/2019
188.56.155.8,7/18/2019
78.177.66.246,8/7/2019
196.123.66.74,8/30/2019
40.131.105.239,7/17/2019
3.56.129.225,5/3/2019
204.73.38.135,8/12/2019
149.76.202.241,9/13/2019
127.65.83.107,9/21/2019
95.205.177.216,6/25/2019
210.174.192.17,6/22/2019
145.133.62.151,5/4/2019
225.43.142.217,6/19/2019
159.41.37.131,6/3/2019
143.13.247.217,6/20/2019
40.52.36.11,5/27/2019
164.223.128.168,8/10/2019
30.31.213.5,8/1/2019
210.174.192.17,5/26/2019
43.235.28.132,9/8/2019
130.133.50.157,8/24/2019
138.105.116.225,7/20/2019
145.133.62.151,8/5/2019
216.192.253.182,8/24/2019
253.190.197.16,6/23/2019
156.190.83.207,9/21/2019
252.180.34.204,6/18/2019
53.109.44.60,7/24/2019
145.133.62.151,6/10/2019
30.31.213.5,9/8/2019
254.29.186.142,8/20/2019
57.173.93.204,5/6/2019
92.252.212.72,7/25/2019
3.56.129.225,6/14/2019
241.60.144.177,8/15/2019
14.190.142.100,9/8/2019
182.62.44.42,7/1/2019
159.41.37.131,5/27/2019
78.7.45.10,9/25/2019
241.164.210.70,7/21/2019
9.4.227.171,6/21/2019
222.212.164.221,5/8/2019
22.108.191.89,7/4/2019
115.161.112.40,6/3/2019
60.108.249.89,7/22/2019
219.136.183.160,5/15/2019
229.232.170.185,8/26/2019
105.6.151.204,7/7/2019
123.53.143.71,9/26/2019
51.146.65.255,5/30/2019
78.177.66.246,9/4/2019
123.224.0.250,9/28/2019
210.174.192.17,6/16/2019
252.180.34.204,6/28/2019
5.116.191.97,7/29/2019
135.205.204.248,7/2/2019
185.207.247.63,8/23/2019
198.163.255.99,6/23/2019
92.252.212.72,8/17/2019
123.217.49.22,9/6/2019
127.65.83.107,5/9/2019
78.156.206.166,6/8/2019
127.65.83.107,9/26/2019
40.52.36.11,6/10/2019
30.31.213.5,8/15/2019
213.146.40.240,9/4/2019
159.41.37.131,7/23/2019
254.29.186.142,9/9/2019
23.26.190.4,8/15/2019
136.221.62.77,7/3/2019
130.133.50.157,9/8/2019
208.156.137.129,5/18/2019
135.205.204.248,5/15/2019
193.55.226.107,8/30/2019
229.89.5.194,6/3/2019
92.202.250.218,5/10/2019
78.177.66.246,5/4/2019
63.220.35.200,6/27/2019
106.246.229.169,7/2/2019
138.36.75.179,9/1/2019
251.17.219.64,5/19/2019
188.56.155.8,7/21/2019
75.211.123.195,8/26/2019
118.212.47.136,5/9/2019
59.181.65.40,7/15/2019
76.65.185.230,7/13/2019
75.211.123.195,7/6/2019
75.211.123.195,6/4/2019
146.75.251.2,8/26/2019
92.202.250.218,9/16/2019
115.161.112.40,5/25/2019
62.43.80.30,5/21/2019
226.179.194.16,8/20/2019
23.26.190.4,6/14/2019
30.31.213.5,9/18/2019
210.35.7.226,5/14/2019
192.1.128.56,8/2/2019
106.246.229.169,5/26/2019
106.246.229.169,9/28/2019
161.234.50.217,7/2/2019
146.22.140.206,8/8/2019
225.43.142.217,7/14/2019
201.162.49.82,6/10/2019
225.43.142.217,6/16/2019
5.116.191.97,6/16/2019
23.248.18.41,5/24/2019
162.144.179.200,6/22/2019
109.229.10.175,7/14/2019
172.150.47.217,6/21/2019
192.46.186.138,7/8/2019
149.76.202.241,8/1/2019
208.156.137.129,6/7/2019
255.204.198.242,8/19/2019
158.131.27.251,9/11/2019
48.174.208.159,6/1/2019
201.162.49.82,5/18/2019
192.193.116.156,7/24/2019
109.229.10.175,7/8/2019
222.212.164.221,6/14/2019
59.48.82.52,6/9/2019
105.107.70.46,7/7/2019
162.144.179.200,8/4/2019
225.43.142.217,6/11/2019
123.53.143.71,9/4/2019
112.210.155.5,5/24/2019
57.221.187.249,5/28/2019
90.31.3.224,7/23/2019
59.48.82.52,8/14/2019
198.163.255.99,6/11/2019
150.30.220.227,7/31/2019
129.147.118.240,5/11/2019
168.157.80.52,8/26/2019
124.201.140.180,6/17/2019
22.108.191.89,6/23/2019
23.248.18.41,7/18/2019
252.8.52.29,6/19/2019
169.141.30.5,7/13/2019
169.141.30.5,9/17/2019
254.29.186.142,9/4/2019
53.109.44.60,7/14/2019
53.109.44.60,6/28/2019
3.56.129.225,5/6/2019
207.117.26.140,5/24/2019
123.224.0.250,5/5/2019
127.65.83.107,9/13/2019
62.40.78.188,5/8/2019
229.232.170.185,8/15/2019
207.117.26.140,5/3/2019
57.150.135.222,8/12/2019
23.26.190.4,6/6/2019
47.185.200.41,9/5/2019
14.190.142.100,7/13/2019
58.89.129.2,6/13/2019
67.210.251.67,8/12/2019
201.162.49.82,8/22/2019
53.109.44.60,6/11/2019
95.202.195.133,7/23/2019
192.193.116.156,8/20/2019
238.66.70.208,5/27/2019
60.108.249.89,5/4/2019
185.207.247.63,9/11/2019
146.22.140.206,5/5/2019
225.43.142.217,7/30/2019
30.248.248.94,6/13/2019
171.155.149.66,7/7/2019
210.35.7.226,6/10/2019
219.136.183.160,8/23/2019
6.161.232.250,7/24/2019
138.36.75.179,5/21/2019
155.133.117.36,5/24/2019
112.210.155.5,6/23/2019
254.29.186.142,7/23/2019
1.190.166.226,6/25/2019
14.190.142.100,6/13/2019
115.91.112.114,5/9/2019
54.124.214.59,5/1/2019
14.190.142.100,7/5/2019
164.223.128.168,6/2/2019
229.89.5.194,9/26/2019
192.193.116.156,6/30/2019
198.163.255.99,8/16/2019
155.133.117.36,6/18/2019
9.4.227.171,9/25/2019
129.147.118.240,5/13/2019
146.75.251.2,6/18/2019
229.89.5.194,5/20/2019
112.210.155.5,6/10/2019
127.65.83.107,8/4/2019
151.220.12.28,7/7/2019
138.105.116.225,9/26/2019
234.167.230.161,7/25/2019
9.4.227.171,8/7/2019
62.43.80.30,5/8/2019
40.131.105.239,5/28/2019
187.229.166.41,9/24/2019
129.147.118.240,8/15/2019
123.224.0.250,5/15/2019
185.207.247.63,7/29/2019
154.245.144.204,9/29/2019
29.33.161.209,6/18/2019
23.26.190.4,9/2/2019
146.22.140.206,9/8/2019
158.131.27.251,9/9/2019
187.229.166.41,8/15/2019
207.117.26.140,5/15/2019
172.150.47.217,9/24/2019
54.124.214.59,8/27/2019
242.200.81.130,8/7/2019
123.224.0.250,8/28/2019
62.192.24.47,6/3/2019
116.105.108.2,7/27/2019
43.235.28.132,5/6/2019
129.147.118.240,7/14/2019
230.87.234.46,7/12/2019
242.200.81.130,5/2/2019
48.150.128.121,6/16/2019
225.160.179.108,8/19/2019
30.31.213.5,5/17/2019
118.90.83.112,5/23/2019
192.1.128.56,5/19/2019
146.75.251.2,7/12/2019
123.53.143.71,7/17/2019
138.105.116.225,5/8/2019
151.220.12.28,5/8/2019
57.173.93.204,7/29/2019
229.232.170.185,8/27/2019
95.202.195.133,6/24/2019
62.43.80.30,9/27/2019
76.22.35.249,9/6/2019
252.8.52.29,5/16/2019
79.114.157.75,5/22/2019
112.210.155.5,7/24/2019
105.6.151.204,8/2/2019
6.161.232.250,5/29/2019
92.252.212.72,6/11/2019
90.197.221.195,8/24/2019
78.156.206.166,5/17/2019
145.133.62.151,8/17/2019
60.207.227.245,6/9/2019
40.131.105.239,7/25/2019
121.86.233.121,6/1/2019
54.124.214.59,7/21/2019
69.45.135.45,5/8/2019
57.173.93.204,5/23/2019
254.29.186.142,6/27/2019
187.229.166.41,5/18/2019
210.35.7.226,5/20/2019
116.105.108.2,9/29/2019
180.61.93.146,8/8/2019
92.202.250.218,5/28/2019
213.146.40.240,6/19/2019
23.26.190.4,6/17/2019
57.221.187.249,8/15/2019
213.146.40.240,9/24/2019
146.75.251.2,8/17/2019
143.13.247.217,6/14/2019
161.234.50.217,8/3/2019
85.254.120.99,8/12/2019
78.7.45.10,6/23/2019
254.29.186.142,8/15/2019
252.8.52.29,5/3/2019
21.72.112.0,8/27/2019
146.22.140.206,6/25/2019
6.161.232.250,8/17/2019
250.39.28.88,9/9/2019
57.221.187.249,8/1/2019
41.134.87.224,6/29/2019
196.123.66.74,6/2/2019
92.252.212.72,9/9/2019
238.66.70.208,6/8/2019
62.43.80.30,5/4/2019
143.13.247.217,8/19/2019
75.211.123.195,7/9/2019
180.61.93.146,8/20/2019
207.117.26.140,7/29/2019
92.202.250.218,6/25/2019
210.174.192.17,7/24/2019
43.57.45.177,7/30/2019
129.147.118.240,9/9/2019
193.55.226.107,8/19/2019
241.60.144.177,7/23/2019
182.62.44.42,9/6/2019
155.133.117.36,7/24/2019
130.133.50.157,8/24/2019
106.246.229.169,7/3/2019
9.4.227.171,6/15/2019
210.35.7.226,9/15/2019
57.221.187.249,8/7/2019
123.217.49.22,7/24/2019
1.190.166.226,5/8/2019
57.173.93.204,7/29/2019
161.234.50.217,8/12/2019
241.164.210.70,6/23/2019
229.89.5.194,5/4/2019
69.45.135.45,6/11/2019
115.161.112.40,8/11/2019
78.7.45.10,8/18/2019
80.74.15.241,9/19/2019
180.61.93.146,5/24/2019
62.40.78.188,6/16/2019
135.205.204.248,5/6/2019
63.153.236.176,8/5/2019
29.33.161.209,8/14/2019
105.107.70.46,9/29/2019
41.134.87.224,8/12/2019
145.133.62.151,7/6/2019
219.136.183.160,6/28/2019
90.31.3.224,9/17/2019
90.31.3.224,9/4/2019
252.180.34.204,8/7/2019
234.167.230.161,6/20/2019
121.86.233.121,9/6/2019
62.43.80.30,9/18/2019
105.6.151.204,9/29/2019
192.193.116.156,5/1/2019
92.252.212.72,8/25/2019
78.177.66.246,9/1/2019
145.133.62.151,6/10/2019
30.31.213.5,7/20/2019
252.180.34.204,7/11/2019
159.41.37.131,8/5/2019
250.29.155.241,7/23/2019
143.13.247.217,7/19/2019
1.190.166.226,8/17/2019
251.94.154.254,5/25/2019
63.220.35.200,8/15/2019
250.39.28.88,8/17/2019
59.48.82.52,6/27/2019
158.131.27.251,8/1/2019
241.164.210.70,6/28/2019
234.167.230.161,7/20/2019
116.105.108.2,7/5/2019
168.157.80.52,8/5/2019
210.35.7.226,9/29/2019
23.248.18.41,9/18/2019
47.185.200.41,6/21/2019
241.164.210.70,8/26/2019
123.217.49.22,6/22/2019
146.22.140.206,7/20/2019
158.131.27.251,9/29/2019
92.252.212.72,7/21/2019
145.133.62.151,8/13/2019
43.235.28.132,5/18/2019
145.133.62.151,5/9/2019
105.6.151.204,6/11/2019
75.211.123.195,6/9/2019
92.202.250.218,6/27/2019
67.210.251.67,5/27/2019
23.248.18.41,8/14/2019
57.150.135.222,8/23/2019
234.167.230.161,9/26/2019
3.56.129.225,8/26/2019
89.249.73.167,5/27/2019
21.68.212.88,9/1/2019
155.133.117.36,9/6/2019
40.131.105.239,6/16/2019
179.231.189.173,9/19/2019
180.61.93.146,9/1/2019
207.117.26.140,6/13/2019
78.156.206.166,5/25/2019
62.40.78.188,8/15/2019
179.231.189.173,9/11/2019
105.6.151.204,6/22/2019
9.4.227.171,8/19/2019
62.43.80.30,8/27/2019
208.156.137.129,6/20/2019
69.45.135.45,9/12/2019
6.2.244.172,8/14/2019
115.91.112.114,7/13/2019
168.157.80.52,7/13/2019
105.6.151.204,7/17/2019
140.248.230.247,8/3/2019
146.75.251.2,7/25/2019
138.105.116.225,7/4/2019
164.223.128.168,8/26/2019
210.35.7.226,5/13/2019
57.221.187.249,5/28/2019
9.4.227.171,7/4/2019
123.195.115.149,7/18/2019
155.133.117.36,7/11/2019
241.164.210.70,7/11/2019
208.156.137.129,6/1/2019
62.192.24.47,9/12/2019
198.163.255.99,8/18/2019
3.56.129.225,7/29/2019
62.43.80.30,8/24/2019
118.212.47.136,7/23/2019
1.190.166.226,9/12/2019
9.4.227.171,8/22/2019
169.141.30.5,7/24/2019
48.150.128.121,6/27/2019
6.161.232.250,9/25/2019
210.35.7.226,9/22/2019
123.217.49.22,9/6/2019
252.8.52.29,6/27/2019
250.29.155.241,8/13/2019
241.164.210.70,8/28/2019
172.150.47.217,9/1/2019
123.53.143.71,8/16/2019
164.223.128.168,5/21/2019
192.1.128.56,5/23/2019
21.68.212.88,5/7/2019
222.212.164.221,6/18/2019
59.181.65.40,9/25/2019
23.26.190.4,7/1/2019
23.248.18.41,5/4/2019
136.221.62.77,5/9/2019
225.160.179.108,7/2/2019
58.89.129.2,6/23/2019
225.160.179.108,8/31/2019
127.65.83.107,6/13/2019
62.192.24.47,8/5/2019
254.29.186.142,6/21/2019
172.150.47.217,9/10/2019
112.210.155.5,6/24/2019
54.124.214.59,9/22/2019
204.73.38.135,6/4/2019
136.221.62.77,5/21/2019
138.105.116.225,8/15/2019
241.60.144.177,8/17/2019
90.197.221.195,8/4/2019
47.185.200.41,6/30/2019
138.105.116.225,7/7/2019
230.87.234.46,6/3/2019
182.62.44.42,7/24/2019
130.133.50.157,8/19/2019
40.131.105.239,7/22/2019
90.31.3.224,7/6/2019
251.94.154.254,7/12/2019
213.146.40.240,9/10/2019
48.150.128.121,7/11/2019
23.248.18.41,9/23/2019
40.52.36.11,6/19/2019
145.10.22.89,5/13/2019
57.221.187.249,7/29/2019
250.39.28.88,9/7/2019
252.180.34.204,8/24/2019
95.202.195.133,5/3/2019
48.150.128.121,9/28/2019
187.229.166.41,5/29/2019
59.48.82.52,5/16/2019
192.1.128.56,8/28/2019
1.234.118.70,7/30/2019
129.147.118.240,6/18/2019
6.140.1.114,6/10/2019
151.220.12.28,5/25/2019
21.72.112.0,8/11/2019
252.8.52.29,9/13/2019
40.52.36.11,8/28/2019
192.46.186.138,8/13/2019
143.13.247.217,7/17/2019
182.62.44.42,7/30/2019
23.248.18.41,8/24/2019
180.61.93.146,7/7/2019
138.105.116.225,8/12/2019
187.229.166.41,6/23/2019
30.248.248.94,6/11/2019
95.9.5.2,7/12/2019
201.162.49.82,7/8/2019
254.29.186.142,6/22/2019
162.144.179.200,7/14/2019
138.36.75.179,6/22/2019
76.65.185.230,9/23/2019
101.195.98.245,9/5/2019
151.220.12.28,7/21/2019
252.132.124.237,6/19/2019
185.207.247.63,5/24/2019
230.87.234.46,6/24/2019
219.136.183.160,8/23/2019
255.204.198.242,6/9/2019
92.252.212.72,9/12/2019
95.205.177.216,8/31/2019
219.136.183.160,8/7/2019
159.41.37.131,8/18/2019
1.234.118.70,6/10/2019
169.141.30.5,7/7/2019
151.220.12.28,6/9/2019
225.160.179.108,8/5/2019
92.252.212.72,6/30/2019
236.211.25.236,5/21/2019
210.174.192.17,7/26/2019
23.248.18.41,7/15/2019
136.221.62.77,7/20/2019
143.1.229.100,9/20/2019
204.73.38.135,5/14/2019
41.134.87.224,8/10/2019
143.13.247.217,9/19/2019
192.1.128.56,8/27/2019
76.65.185.230,7/6/2019
143.13.247.217,9/21/2019
79.114.157.75,6/10/2019
168.157.80.52,8/19/2019
172.150.47.217,9/6/2019
23.26.190.4,8/7/2019
57.173.93.204,5/14/2019
253.190.197.16,8/31/2019
226.179.194.16,5/8/2019
192.46.186.138,9/8/2019
3.56.129.225,5/8/2019
9.4.227.171,6/19/2019
169.141.30.5,6/14/2019
222.212.164.221,8/13/2019
69.45.135.45,6/8/2019
251.94.154.254,5/1/2019
78.156.206.166,9/19/2019
168.157.80.52,8/12/2019
63.153.236.176,8/9/2019
252.8.52.29,8/15/2019
130.133.50.157,6/22/2019
57.173.93.204,8/9/2019
57.221.187.249,5/3/2019
115.91.112.114,7/12/2019
130.133.50.157,5/20/2019
115.161.112.40,8/14/2019
97.75.67.142,6/18/2019
208.156.137.129,9/18/2019
105.6.151.204,8/31/2019
121.86.233.121,5/14/2019
23.26.190.4,5/13/2019
192.46.186.138,6/2/2019
23.248.18.41,8/30/2019
29.33.161.209,9/21/2019
78.177.66.246,5/10/2019
234.167.230.161,5/5/2019
76.65.185.230,6/22/2019
90.197.221.195,5/19/2019
62.192.24.47,6/14/2019
138.105.116.225,7/12/2019
63.153.236.176,9/9/2019
58.89.129.2,5/8/2019
48.174.208.159,9/13/2019
136.221.62.77,6/17/2019
67.210.251.67,5/3/2019
210.174.192.17,9/12/2019
169.141.30.5,5/19/2019
29.33.161.209,8/6/2019
174.222.240.23,5/23/2019
21.72.112.0,6/22/2019
97.75.67.142,6/3/2019
79.114.157.75,5/4/2019
97.75.67.142,7/27/2019
92.252.212.72,8/1/2019
179.231.189.173,6/4/2019
204.73.38.135,7/24/2019
95.9.5.2,9/6/2019
92.252.212.72,6/12/2019
90.31.3.224,5/10/2019
29.33.161.209,8/23/2019
225.43.142.217,6/3/2019
164.223.128.168,5/8/2019
201.162.49.82,8/4/2019
242.200.81.130,5/18/2019
229.89.5.194,6/28/2019
30.248.248.94,7/7/2019
146.75.251.2,7/3/2019
9.4.227.171,7/23/2019
252.132.124.237,6/21/2019
118.90.83.112,9/7/2019
216.192.253.182,6/8/2019
58.89.129.2,7/29/2019
97.75.67.142,8/4/2019
62.192.24.47,5/21/2019
146.22.140.206,8/20/2019
95.202.195.133,8/14/2019
158.131.27.251,9/7/2019
150.30.220.227,6/24/2019
